ca,k,MAP,optwL
400,0.025,365,0.165534242
400,0.05,365,0.164226298
400,0.1,365,0.163188089
400,0.025,1825,0.171951845
400,0.05,1825,0.172079972
400,0.1,1825,0.172395862
400,0.025,3650,0.173978797
400,0.05,3650,0.175853308
400,0.1,3650,0.179061869
